datetime,Close_A,Close_B,regime_A,regime_B,beta,alpha,spread,spread_mean,spread_std,z
2022-05-31 10:15:00,3.7,1.1,,,0.22390645300996104,0.22390645300996104,0.047639670853183214,0.047639670853183214,0.01653478122602637,0.0
2022-05-31 10:16:00,3.7,1.1,,,0.22888868147513575,0.2288559195495331,0.024255958992464688,0.03594781492282395,0.01653478122602637,-0.7071067811865476
2022-05-31 10:17:00,3.7,1.1,,,0.23061183654538225,0.23054607301234034,0.016190131769745264,0.029361920538464387,0.016334672008402665,-0.8063699572261669
2022-05-31 10:18:00,3.7,1.1,,,0.23149260418257955,0.23139408006162301,0.012083284462832689,0.025042261519556464,0.015890840839089017,-0.815499770461906
2022-05-31 10:19:00,3.7,1.1,,,0.23203162684156667,0.23190077074922266,0.009582209936980668,0.021950251203041303,0.015401031001758466,-0.8030657989486855
2022-05-31 10:20:00,3.7,1.1,,,0.23239823762461925,0.23223560928594716,0.007890911502961728,0.01960702791969471,0.014923055212234722,-0.7851017268318808
2022-05-31 10:21:00,3.75,1.1,,,0.23227090821482352,0.23212328393996218,-0.003139189745550386,0.016357568253231123,0.016108824628879262,-1.2103153673812113
2022-05-31 10:22:00,3.75,1.05,,,0.23062884255690722,0.23072734826814104,-0.04558550785654303,0.008614683739509355,0.02649606973211185,-2.0455936349821946
2022-05-31 10:23:00,3.75,1.1,,,0.23075469843973978,0.2308301369442933,0.0038397439066826244,0.008084134869195273,0.024835857872780254,-0.17089769897437046
2022-05-31 10:24:00,3.7,1.1,,,0.23116168175762122,0.23114987468400158,0.013551902812799943,0.00863091166355574,0.02347922374230774,0.20958917565817814
2022-05-31 10:25:00,3.75,1.1,Trending,,0.2312122932211012,0.23118776306483715,0.0017661373560333704,0.008006841271962798,0.02237030744485881,-0.27897264851242265
2022-05-31 10:26:00,3.75,1.1,Trending,,0.23125521369240387,0.23121847038482607,0.0015744782686595293,0.007470811021687525,0.02140992527784251,-0.27540183706900695
2022-05-31 10:27:00,3.75,1.1,Trending,,0.23129214418540128,0.23124370450130655,0.001410754803438774,0.007004652851053006,0.020567233732887064,-0.271981060762176
2022-05-31 10:28:00,3.7,1.1,Trending,,0.2315848474698528,0.23143604454121142,0.011700019820333196,0.007340036206001591,0.01980016504229549,0.22019935717799144
2022-05-31 10:29:00,3.65,1.1,Trending,,0.23209335192039507,0.23175793157440053,0.02110133391615765,0.008257456053345328,0.019407939080899838,0.6617847371260824
2022-05-31 10:30:00,3.65,1.1,,,0.2325471086126506,0.2320325953736274,0.019170458190198136,0.008939518686898629,0.018947301753041934,0.5399681514892726
2022-05-31 10:31:00,3.65,1.1,,,0.23295418208981883,0.23226844489739884,0.017448790474762443,0.009440064086184736,0.018461365207724068,0.43381008384076214
2022-05-31 10:32:00,3.65,1.1,,,0.23332098671080634,0.23247209346329425,0.01590630504226276,0.009799299694855736,0.01797488681699427,0.3397520890998425
2022-05-31 10:33:00,3.7,1.1,Trending,,0.23341042945236865,0.23251913970237956,0.0038622713238565254,0.009486824517434725,0.017521470298066204,-0.3210092017334279
2022-05-31 10:34:00,3.7,1.1,Trending,,0.2334912495038608,0.23255998323729143,0.0035223935984236565,0.009188602971484171,0.01710621662881435,-0.33123685359602784
2022-05-31 10:35:00,3.65,1.1,Trending,,0.23380356865255741,0.23271417529033248,0.013902799127833099,0.009413088502738884,0.01670478326147709,0.26876796632542604
2022-05-31 10:36:00,3.7,1.1,Trending,,0.23384943760093557,0.23273564222819212,0.002021438648346363,0.009077104418448313,0.016378192072911378,-0.4307963747580925
2022-05-31 10:37:00,3.7,1.1,,,0.23389117199984913,0.23275449775516097,0.001848165845397265,0.008762802741359137,0.016072469647444552,-0.4302162049539952
2022-05-31 10:38:00,3.7,1.1,Trending,,0.23392920980892407,0.23277111506669973,0.0016908086402813716,0.008468136320480898,0.0157853308263965,-0.42934340462895865
2022-05-31 10:39:00,3.65,1.05,Trending,,0.2331866094224082,0.23245041105552447,-0.03358153544731435,0.006786149449769087,0.01759321755419325,-2.2945026839312863
2022-05-31 10:40:00,3.65,1.1,Trending,,0.23351963895044914,0.232589892468983,0.01506342536187777,0.007104506215619422,0.01731402837418942,0.4596803802241057
2022-05-31 10:41:00,3.7,1.05,Trending,,0.23256197037998588,0.2322091940838586,-0.04268848448980633,0.005260321374677727,0.019495466838278103,-2.459484877291558
2022-05-31 10:42:00,3.7,1.05,,,0.23168608289938245,0.23187021754808163,-0.03910872427579659,0.0036757126014465014,0.02088789170897524,-2.048288906958437
2022-05-31 10:43:00,3.7,1.05,,,0.2308843786176729,0.23156769470389205,-0.0358398955892818,0.0023131054224558704,0.021784535455651427,-1.751380059924109
2022-05-31 10:44:00,3.7,1.05,Trending,,0.23015011426132048,0.23129713153741072,-0.032852554304296566,0.0011409167648974558,0.02234776114457124,-1.5211130479373223
2022-05-31 10:45:00,3.7,1.1,,,0.230501305172577,0.23142368115956483,0.015721489701900238,0.0016112578273814165,0.022127649131101327,0.6376742414396975
2022-05-31 10:46:00,3.7,1.05,Trending,,0.22979934437196006,0.23117597423570244,-0.03143354841195456,0.0005786076324021672,0.022538011744937407,-1.4203629142906737
2022-05-31 10:47:00,3.65,1.1,Trending,,0.23040682312813837,0.2313929626132058,0.02762213296908933,0.001398108400180566,0.02267708869150909,1.1564105483579001
2022-05-31 10:48:00,3.65,1.1,Trending,Trending,0.2309662233203861,0.23158892023939298,0.025384364641197754,0.0021035865249163658,0.02270658024911242,1.0252877298505316
2022-05-31 10:49:00,3.7,1.1,Trending,Trending,0.23125070793481287,0.23168344866233134,0.012688931978861229,0.0024060249664576475,0.022441609254126648,0.45820720323399805
2022-05-31 10:50:00,3.65,1.1,Trending,,0.23174258696856045,0.23185027823845192,0.022289279326302536,0.00295833758756445,0.02236556033133683,0.8643173456134305
2022-05-31 10:51:00,3.65,1.1,Trending,Trending,0.23219547798239784,0.23200144576946224,0.02048505959478586,0.0034320327769488124,0.022240181212498204,0.7667665409243087
2022-05-31 10:52:00,3.65,1.05,Trending,Trending,0.2315948042608371,0.2318039131145242,-0.02712494866657944,0.002627901686329648,0.02249064734702033,-1.3228987985021643
2022-05-31 10:53:00,3.7,1.1,Trending,Trending,0.2318281860660244,0.23187661251031014,0.010359099045399667,0.002826137516049392,0.02222724731491491,0.3389066321449311
2022-05-31 10:54:00,3.7,1.1,Trending,,0.23204209604837267,0.23194252117378267,0.009501723447238541,0.0029930271643291207,0.021965806319213896,0.29631037387487774
2022-05-31 10:55:00,3.7,1.05,Trending,Trending,0.2312061950066561,0.23168757058935074,-0.03715049211397825,0.0020139169380289407,0.022577403777160825,-1.7346728365475614
2022-05-31 10:56:00,3.7,1.05,Trending,,0.23043963187550642,0.23145595909141298,-0.034082597030786754,0.0011544761292476148,0.022985415288946945,-1.533018773734269
2022-05-31 10:57:00,3.65,1.05,Trending,Trending,0.2299807012870317,0.23131205121480575,-0.020741610912471398,0.0006452648026960098,0.022954297682688096,-0.9317155336578726
2022-05-31 10:58:00,3.7,1.05,Trending,,0.2293143311193393,0.23111481279478446,-0.029577837936339835,-4.162389591844118e-05,0.0231388462657322,-1.2764773879051812
2022-05-31 10:59:00,3.7,1.05,Trending,Trending,0.2287032151538137,0.23093522085980933,-0.02713711692892007,-0.0006437459633184773,0.023228273244394092,-1.1405656669720594
2022-05-31 11:00:00,3.7,1.1,,Trending,0.22917546890946244,0.23107308806861035,0.020977676966378755,-0.00017371503006418968,0.02318890588201427,0.9121341086147726
2022-05-31 11:01:00,3.65,1.1,Trending,,0.2298357932519471,0.2312747459768445,0.029824608653548523,0.00046454717597012334,0.02334914282375842,1.2574363735401755
2022-05-31 11:02:00,3.65,1.1,,Trending,0.23044406675868176,0.23145893488211464,0.027420221448697157,0.0010261237233186032,0.023424784269223575,1.1267594792775182
2022-05-31 11:03:00,3.65,1.1,,,0.2310041998529497,0.23162721947222326,0.02520745106451039,0.001519620199669456,0.02343549104321163,1.0107674219910316
2022-05-31 11:04:00,3.7,1.1,Trending,,0.23128768400775762,0.23170722434128527,0.012528344830011529,0.0017397946922762975,0.023247310890604576,0.4640773373102449
2022-05-31 11:05:00,3.7,1.05,Trending,Trending,0.23051047988959059,0.23148864223008195,-0.034377417821567224,0.0010316140547499538,0.023562814453185806,-1.502750528663171
2022-05-31 11:06:00,3.7,1.05,Trending,Trending,0.2297979016318525,0.23128887610528248,-0.03154111214313682,0.00040521547402136215,0.02376390830331427,-1.3443212795389696
2022-05-31 11:07:00,3.65,1.1,Trending,Trending,0.2304092206562531,0.23147013569068667,0.027536208913989668,0.0009171210106245377,0.023827542454361552,1.117156246992337
2022-05-31 11:08:00,3.65,1.1,,,0.23097218822339408,0.23163601722439203,0.02531549576021974,0.001368942765246671,0.02383407640708766,1.0047191502605053
2022-05-31 11:09:00,3.7,1.05,Trending,Trending,0.23021918983083647,0.2314286157464075,-0.03323961812050258,0.0007396962036875939,0.024069084470781054,-1.41174103923395
2022-05-31 11:10:00,3.7,1.05,Trending,Trending,0.22952897450888907,0.23123879835050523,-0.030496004033394808,0.0001819158423111224,0.02421178187324241,-1.2670657631196305
2022-05-31 11:11:00,3.7,1.1,Trending,Trending,0.2299336925284953,0.23134994354805238,0.017895394096515194,0.0004926786187006675,0.02410906527912019,0.7218328573230194
2022-05-31 11:12:00,3.7,1.1,Trending,Trending,0.2303048182079256,0.2314517311730655,0.016420441457609902,0.0007672952193715164,0.023987991588046435,0.6525409257704833
2022-05-31 11:13:00,3.7,1.1,Trending,,0.2306451931480472,0.23154497340314845,0.015067811949077026,0.0010096768588580504,0.023853067394902012,0.5893638271958074
2022-05-31 11:14:00,3.65,1.1,Trending,,0.23118793619629796,0.2317038591770001,0.024460173706512434,0.0014005184729856234,0.023843043320714484,0.9671439557169669
2022-05-31 11:15:00,3.7,1.1,Trending,Trending,0.23145572718960672,0.23177665457788701,0.01183715482056824,0.0008038098724420407,0.023102737628148625,0.47757738176808334
2022-05-31 11:16:00,3.65,1.1,Trending,,0.2319338894295902,0.23191598779186778,0.021525315790128063,0.0007582991524030969,0.0230584026026618,0.9006268558832291
2022-05-31 11:17:00,3.7,1.1,Trending,,0.23214020733626478,0.23197169709853166,0.00910953575728879,0.0006402892188621557,0.022996120534587838,0.3682902307668926
2022-05-31 11:18:00,3.65,1.1,Trending,,0.23256368997256968,0.23209463648365425,0.01904789511646654,0.0007563660630893864,0.023072311310584237,0.7927913596149365
2022-05-31 11:19:00,3.65,1.1,Trending,Trending,0.23295363917433384,0.23220731867338934,0.01751189834029221,0.0008885275364779122,0.023146316376419663,0.7181864506418558
2022-05-31 11:20:00,3.65,1.05,Trending,Trending,0.23228769348788936,0.2320157004350733,-0.029865781665869395,0.0002592493169973934,0.023463784006634646,-1.2838948301922912
2022-05-31 11:21:00,3.7,1.05,Trending,,0.23142283366092548,0.231786042550071,-0.03805052709549517,-0.00032260630550168625,0.023976746028740798,-1.5735213087200917
2022-05-31 11:22:00,3.7,1.05,Trending,,0.23063039620920706,0.23157531054820119,-0.0349077765222674,-0.00014464411659709242,0.02367279786516767,-1.4684843170490227
2022-05-31 11:23:00,3.75,1.05,Trending,,0.22964888315230528,0.23133452629231283,-0.04251783811345766,-0.0009172704835994306,0.024289034736888367,-1.7127303773285978
2022-05-31 11:24:00,3.75,1.05,Trending,,0.22875290120136815,0.23111316522734976,-0.038936544732480316,-0.0017920779426874348,0.024700808417305795,-1.5037753486549392
2022-05-31 11:25:00,3.7,1.1,Trending,Trending,0.2292184114889551,0.23123902095975962,0.0206528565311066,-0.0014772992897695476,0.024866707476653937,0.8899511864066847
2022-05-31 11:26:00,3.75,1.1,Trending,,0.22941163743795479,0.23128701087756115,0.008419348730108522,-0.0013632181154120645,0.024896628567597497,0.39292737243356785
2022-05-31 11:27:00,3.75,1.1,Trending,Trending,0.229588242355851,0.23133113762398166,0.007712953541577194,-0.001258181469776424,0.024921811538856586,0.35997122429749395
2022-05-31 11:28:00,3.7,1.1,Trending,,0.22998364424764642,0.23143945362172658,0.017621062661981712,-0.0011594974224156155,0.024985633600320408,0.7516543460461411
2022-05-31 11:29:00,3.75,1.1,Trending,,0.23011190373629747,0.2314716031362552,0.005608757852629376,-0.0014177070234744201,0.024831259561715915,0.2829685243569757
2022-05-31 11:30:00,3.75,1.1,,,0.23022921753107187,0.23150116332411338,0.005139270934367168,-0.0016515601444049362,0.02469980299447997,0.2749346251988225
2022-05-31 11:31:00,3.75,1.1,Trending,,0.23033655850205592,0.2315283404012793,0.00470956521601118,-0.001863880565384124,0.024587330185848095,0.26735093772722135
2022-05-31 11:32:00,3.7,1.05,Trending,Trending,0.22964351982459588,0.23133546907188668,-0.031016492422891506,-0.0026459271898033616,0.024758176530094985,-1.1459068966004866
2022-05-31 11:33:00,3.7,1.05,Trending,,0.22900634641321022,0.23115856814945698,-0.028482049878334692,-0.003184999209839882,0.02496532635128437,-1.0132874015962292
2022-05-31 11:34:00,3.75,1.1,Trending,Trending,0.2292168303200889,0.23121171399138613,0.009225172308280571,-0.0030899528980089332,0.025002123598105993,0.49256316800315403
2022-05-31 11:35:00,3.7,1.1,Trending,,0.2296415745812628,0.23133001998523908,0.01899615406408861,-0.0030050636490713415,0.025069352958846217,0.877614103135294
2022-05-31 11:36:00,3.7,1.1,,,0.23003201673684617,0.23143850483242587,0.01744303324124341,-0.0027480370725230575,0.025200474232208517,0.8012178710494436
2022-05-31 11:37:00,3.7,1.1,,Trending,0.23039084736158336,0.23153798164315526,0.016015883118986274,-0.002511908451296574,0.02531040665127084,0.7320226745291176
2022-05-31 11:38:00,3.75,1.1,Trending,Trending,0.2304849901317472,0.23156160910667498,0.004119677899273144,-0.0024714272969800443,0.02531918318408669,0.26032060941032853
2022-05-31 11:39:00,3.75,1.1,Trending,,0.2305711113472763,0.2315833344865233,0.0037749979611907403,-0.001848818406838293,0.02499848187899985,0.22496631576469284
2022-05-31 11:40:00,3.75,1.05,Trending,Trending,0.22960608209227085,0.23133874679756533,-0.042361554643580934,-0.0028059014069292715,0.02543546803485576,-1.5551376205244642
2022-05-31 11:41:00,3.75,1.1,Trending,Trending,0.22976536459817123,0.23137929067401608,0.007000592082841983,-0.001977750130718466,0.024918584659321615,0.36030706945475754
2022-05-31 11:42:00,3.75,1.1,Trending,,0.22991120168818602,0.23141655810381248,0.006416435565490097,-0.0012189974666970212,0.02445765160512867,0.31218995001899524
2022-05-31 11:43:00,3.7,1.1,Trending,Trending,0.23027763242977548,0.2315205653788202,0.016452194631010553,-0.00034746262969214867,0.024132584577579004,0.6961399930743785
2022-05-31 11:44:00,3.7,1.05,Trending,Trending,0.22959030788888107,0.2313262497660026,-0.030810388954862544,-0.00031342654053491495,0.024087360794789243,-1.2660981281488073
2022-05-31 11:45:00,3.7,1.1,,Trending,0.2299839670541286,0.23143713649639547,0.017622185403328716,-0.00028174827884444034,0.02411004554671153,0.7425922795328418
2022-05-31 11:46:00,3.75,1.1,Trending,,0.2301119333619113,0.23146946180196842,0.005610788090864238,0.000335657329535873,0.023770719572911294,0.22191716767967823
2022-05-31 11:47:00,3.75,1.05,,Trending,0.2291854411883407,0.23123434966209214,-0.04067975411836966,-0.0008027074552551101,0.024075354580433774,-1.6563430677578859
2022-05-31 11:48:00,3.75,1.05,Trending,,0.22833732497054351,0.23101822437833816,-0.037283193017876304,-0.0018471667495730112,0.024278521078954753,-1.4595628025720295
2022-05-31 11:49:00,3.75,1.1,Trending,Trending,0.22860219726395137,0.2310859805504455,0.011655779709736969,-0.0018643859540584155,0.02426840108002403,0.5571098655907823
2022-05-31 11:50:00,3.75,1.1,Trending,,0.22884476870940731,0.2311482496642875,0.010683867675435277,-0.00205780948157287,0.02411841427837231,0.5282966371646574
2022-05-31 11:51:00,3.75,1.05,Trending,Trending,0.2280271348142541,0.23093768605387544,-0.036039441607328415,-0.002999884501608108,0.024325998014965516,-1.3581994492227678
2022-05-31 11:52:00,3.7,1.05,Trending,,0.22752419487705958,0.23079262209317297,-0.022632143138293426,-0.0029250044094700075,0.024257295607973524,-0.8124210978550123
2022-05-31 11:53:00,3.7,1.1,,Trending,0.22808383717849415,0.23095319583760132,0.025136606601970257,-0.0026787126168604978,0.02446855957459521,1.1367779592432716
2022-05-31 11:54:00,3.7,1.1,,,0.22859862607972306,0.23110018864387288,0.02308489486115195,-0.0024523264266286073,0.02464536242579112,1.0361876951363522
2022-05-31 11:55:00,3.7,1.1,,,0.22907200775649356,0.23123475888904654,0.021198812411927337,-0.0014798380178635143,0.024403010755066,0.9293382139366891
2022-05-31 11:56:00,3.7,1.1,Trending,,0.22950719673834913,0.2313579673811774,0.01946540468693092,-0.0005873713225682198,0.024168505416289423,0.8297069125335195
2022-05-31 11:57:00,3.7,1.1,Trending,Trending,0.22990718377129352,0.23147078476384234,0.017872635282371707,5.619944734583197e-05,0.024136831009479255,0.7381431235951741
2022-05-31 11:58:00,3.75,1.1,Trending,Trending,0.230040769251165,0.23150410869156093,0.005843006616570223,0.0006465468565609996,0.02383097628866059,0.21805484160889527
2022-05-31 11:59:00,3.75,1.1,Trending,,0.23016296637553227,0.23153476455265953,0.005354111539094486,0.0011880673310279088,0.02355651154996379,0.17685318979554004
2022-05-31 12:00:00,3.75,1.1,,,0.23027478444917063,0.23156296197822038,0.004906596337389768,0.0009202159872114257,0.023418643556558642,0.1702225126980898
2022-05-31 12:01:00,3.75,1.1,Trending,,0.23037713483866656,0.23158889418708667,0.004496850167913902,0.0004980866791175154,0.02311510471869109,0.17299352685012706
2022-05-31 12:02:00,3.75,1.05,,Trending,0.2294289188931522,0.2313476070380101,-0.04170605288733076,-0.0006540178931496166,0.02347047307029884,-1.7490927801592218
2022-05-31 12:03:00,3.75,1.1,,Trending,0.22960160010878775,0.23139172227256932,0.0076022773194766025,-0.0009474374555668464,0.023250700151326673,0.3677185942529824
2022-05-31 12:04:00,3.75,1.1,,,0.22975976059587655,0.23143227420910378,0.006968623556359299,-0.0010400994767943835,0.023207122128891842,0.3450976380730628
2022-05-31 12:05:00,3.75,1.1,Trending,Trending,0.22990464328843982,0.23146954481632376,0.006388042852027098,-0.0003606751322344781,0.022807879990666635,0.2958941377727024
2022-05-31 12:06:00,3.7,1.05,Trending,Trending,0.2292498765634905,0.23127808507394157,-0.02950262835885642,-0.00032670040249647145,0.022762118589843023,-1.2817755887353524
2022-05-31 12:07:00,3.75,1.1,Trending,Trending,0.229437975702206,0.2313262330556292,0.00828135806109831,-0.0006476145833779942,0.02249681948120707,0.39689933290059987
2022-05-31 12:08:00,3.75,1.1,Trending,,0.22961025594355053,0.23137048415926048,0.007591056052425049,-0.000943021911841239,0.022265296773831187,0.38329055529574374
2022-05-31 12:09:00,3.7,1.1,Trending,,0.22999918632897462,0.2314844150768522,0.017518595505941814,-9.705168473383245e-05,0.0219798383110777,0.8014457131742171
2022-05-31 12:10:00,3.75,1.1,Trending,,0.2301245476333902,0.2315164535596052,0.005516492815181628,0.0005031565960757748,0.02162448581452824,0.23183608905686365
2022-05-31 12:11:00,3.75,1.1,Trending,,0.23023935485969443,0.23154590001336456,0.005056519262781389,0.0002891753488468781,0.021512700515881375,0.22160601875227626
2022-05-31 12:12:00,3.75,1.1,Trending,,0.2303445142719346,0.2315729604594223,0.004635111020823146,9.275317490043215e-05,0.021416505291853093,0.2120961279173144
2022-05-31 12:13:00,3.75,1.1,Trending,,0.2304408504135769,0.23159782487029185,0.00424898607879487,-8.756058960427046e-05,0.021333671300966615,0.2032724047924491
2022-05-31 12:14:00,3.75,1.1,Trending,,0.23052911433026252,0.23162066842867604,0.003895152832839477,-0.0004303109374988197,0.02109648071645157,0.2050324804632078
2022-05-31 12:15:00,3.75,1.05,Trending,Trending,0.22957182286259448,0.23137228912980706,-0.04226662486453625,-0.001332040598917228,0.02171058785770344,-1.8854664154611753
2022-05-31 12:16:00,3.75,1.05,Trending,,0.22869457688681788,0.23114415465147592,-0.03874881797704299,-0.0023366094950367454,0.02202719230542177,-1.6530571839173418
2022-05-31 12:17:00,3.75,1.1,,Trending,0.22892801454062142,0.23120498977319165,0.010314955699478157,-0.002316519162666923,0.02203835581480935,0.5731586770033439
2022-05-31 12:18:00,3.7,1.1,Trending,Trending,0.2293704642288583,0.2313373816915524,0.019991900661672002,-0.002300785736913498,0.022054197893692805,1.0108137464822922
2022-05-31 12:19:00,3.75,1.05,Trending,Trending,0.22850824972610795,0.23111449463956601,-0.038020431112470776,-0.003226324561126215,0.022371601371586315,-1.5552801059443067
2022-05-31 12:20:00,3.7,1.05,Trending,,0.22796669513399068,0.2309532102336044,-0.024429982229369873,-0.0031357279038512226,0.022272680798149293,-0.956070556503825
2022-05-31 12:21:00,3.7,1.05,,,0.2274682493101617,0.23080590845651902,-0.022438430904117235,-0.0028755263006615905,0.021946682361649136,-0.8913832296420785
2022-05-31 12:22:00,3.75,1.05,Trending,Trending,0.22676311168791177,0.2306265324563809,-0.030988201286050066,-0.002810200046724635,0.02185536296272377,-1.2892945904117663
2022-05-31 12:23:00,3.7,1.1,Trending,Trending,0.22738272080117053,0.23080918682902293,0.027874746206646206,-0.0016369903080562373,0.02157526858799004,1.3678502492029356
2022-05-31 12:24:00,3.7,1.1,Trending,Trending,0.22795271638070674,0.23097605387384007,0.025598895517545017,-0.0005613996372224817,0.021291027657074444,1.2287004449066659
2022-05-31 12:25:00,3.7,1.1,Trending,Trending,0.22847690608239213,0.23112853303361716,0.02350691446153208,-0.0005138320050487237,0.021342353443912127,1.1254966107513642
2022-05-31 12:26:00,3.75,1.05,Trending,Trending,0.2276834585221741,0.2309308607876117,-0.03474383024576455,-0.001233218321313275,0.021759512644934153,-1.5400442312871794
2022-05-31 12:27:00,3.75,1.05,Trending,Trending,0.22695745985317853,0.23074894474529156,-0.031839419194710894,-0.001892424533584743,0.02208064549122589,-1.3562553990111423
2022-05-31 12:28:00,3.75,1.05,Trending,,0.22629297665546036,0.2305815619076653,-0.029180224365641605,-0.0026724459840451317,0.022205924252513866,-1.19372551577517
2022-05-31 12:29:00,3.75,1.1,Trending,Trending,0.22672701727644445,0.2306914250568665,0.019082260156466857,-0.002447887612314507,0.02235868790195748,0.9629432578150716
2022-05-31 12:30:00,3.7,1.1,Trending,,0.22734753233306293,0.2308749388514167,0.027939191516250572,-0.0020678889359497838,0.02268124373351291,1.322990961375856
2022-05-31 12:31:00,3.75,1.1,Trending,Trending,0.22769331004148421,0.23096204654613722,0.015188040798297164,-0.001893247676245017,0.02277446290374075,0.7500193768230005
2022-05-31 12:32:00,3.75,1.1,,,0.2280098864897265,0.2310421830605548,0.013920742602970826,-0.0011442937591473116,0.022538162159617584,0.6684234613020352
2022-05-31 12:33:00,3.75,1.1,Trending,,0.2282997881205067,0.2311158911600412,0.012759903388058769,-0.0004569278713740873,0.022318109214350002,0.5922021051377755
2022-05-31 12:34:00,3.7,1.1,Trending,Trending,0.22879232889415035,0.23126269298663976,0.02220569010500406,-0.00024058590809536244,0.022475909851029797,0.9986815288846241
2022-05-31 12:35:00,3.7,1.1,Trending,,0.22924559748074472,0.2313967410790776,0.02039454824216702,-0.00021727933846072228,0.022496910861059177,0.9162070165066795
2022-05-31 12:36:00,3.75,1.1,Trending,,0.22943214181079644,0.23144346312611308,0.008186005083400394,-0.0003715631410914392,0.022405299478400753,0.38194393396711945
2022-05-31 12:37:00,3.75,1.1,Trending,Trending,0.22960290402967262,0.2314864604617246,0.007502649427003183,-0.0005134503692911574,0.0223265807031651,0.3590383992457003
2022-05-31 12:38:00,3.7,1.05,Trending,Trending,0.22897021358250874,0.23129860561304436,-0.028488395868326633,-0.0010569182654178203,0.022606998468179346,-1.213406443209177
2022-05-31 12:39:00,3.7,1.1,,Trending,0.22940975882518044,0.23142813860884692,0.019755753737985327,-0.0007905723358045772,0.022758522299041625,0.9027970183571683
2022-05-31 12:40:00,3.75,1.1,Trending,Trending,0.22958299189782597,0.23147116652661825,0.007592613856534314,4.1997139197343564e-05,0.022116644097419064,0.34139974781337196
2022-05-31 12:41:00,3.75,1.1,Trending,Trending,0.2297415368154259,0.23151078486172808,0.006958452080424893,4.1294805823725396e-05,0.02211642004375251,0.3127611639188025
2022-05-31 12:42:00,3.75,1.1,Trending,Trending,0.22988667688755793,0.23154725425182368,0.006377707419834122,4.064933672945914e-05,0.022116231395669785,0.2865342638956752
2022-05-31 12:43:00,3.7,1.1,Trending,Trending,0.23025106611519258,0.2316558216228141,0.016415233750973313,4.003332206217181e-05,0.022115767038620823,0.7404310418135209
2022-05-31 12:44:00,3.75,1.1,Trending,Trending,0.2303534136815457,0.23168141386707128,0.004493284827132404,0.000628427885095421,0.02174764057153066,0.1777138503519494
2022-05-31 12:45:00,3.75,1.1,Trending,Trending,0.23044711351222436,0.23170497208398186,0.004118352245176871,0.00040336399912622355,0.02163839372918128,0.17168502859066928
2022-05-31 12:46:00,3.7,1.1,Trending,,0.23076587362900142,0.23180028224659854,0.014365985326096231,0.0005492839530467568,0.021703528135523144,0.6366108444108244
2022-05-31 12:47:00,3.7,1.1,Trending,,0.23105918467497577,0.23188728140033518,0.01319373530225465,0.0014471754433904953,0.02107421144760337,0.557390243904002
2022-05-31 12:48:00,3.7,1.1,,,0.23132898439628308,0.23196671614243758,0.012116041591315074,0.0022704960202103515,0.02049238500879127,0.4804489846780141
2022-05-31 12:49:00,3.7,1.05,Trending,Trending,0.23055323744724593,0.2317398748629395,-0.03478685341774934,0.0014964521347522464,0.021002642173897024,-1.727559097188068
2022-05-31 12:50:00,3.7,1.1,,Trending,0.23086512479696344,0.23183050331210078,0.013968534939134525,0.0015511965891472337,0.02103125686204665,0.590423027565025
2022-05-31 12:51:00,3.7,1.1,Trending,Trending,0.23115179158018934,0.23191332101736561,0.012825050135933935,0.002365604784868273,0.020490080360608016,0.510463852117137
2022-05-31 12:52:00,3.75,1.1,Trending,,0.23117841559844957,0.23191970523632635,0.001161236269487942,0.0027621611083312957,0.020226634515291823,-0.07914934328956288
2022-05-31 12:53:00,3.7,1.1,Trending,Trending,0.23143918508577457,0.23199532409011114,0.011679691092522981,0.0025378791831738414,0.020048152318622434,0.4559927400819599
2022-05-31 12:54:00,3.7,1.1,Trending,,0.23167887547378196,0.2320644390679478,0.010723721679058995,0.0023318596301389587,0.01989636615862767,0.4217786294248043
2022-05-31 12:55:00,3.75,1.1,Trending,Trending,0.23166080184011778,0.2320601299979897,-0.0007881368984312687,0.0019654104749663153,0.019744886986659476,-0.13945622354070716
2022-05-31 12:56:00,3.75,1.1,Trending,,0.23164427381184352,0.23205615115643863,-0.0007221779508517212,0.0016289507643366045,0.019613189176516884,-0.11987488082781364
2022-05-31 12:57:00,3.7,1.1,Trending,,0.23186652531383425,0.23212107948688973,0.009972776851923548,0.0014972864571624685,0.01952863009438156,0.43400332505655387
2022-05-31 12:58:00,3.7,1.1,Trending,,0.23207088042034787,0.23218040891748468,0.009157333527228362,0.0015525252390067709,0.01954581066842041,0.3890761256839787
2022-05-31 12:59:00,3.7,1.1,,,0.23225873482136217,0.23223463567032415,0.008408045490635896,0.0016034241381991277,0.019559849408498683,0.3478872055875944
2022-05-31 13:00:00,3.7,1.1,,,0.23243138525253726,0.23228421077304284,0.007719663792569387,0.0016503085957854547,0.019571269316074152,0.3101155627039013
2022-05-31 13:01:00,3.65,1.05,Trending,Trending,0.23181609349180204,0.23207592490492635,-0.02820466615000372,0.0011052833238201609,0.019942474023806247,-1.4697248415033786
2022-05-31 13:02:00,3.65,1.1,,Trending,0.2322550219555321,0.23222214650318077,0.020047023359127225,0.0021345012612611273,0.019278008712325323,0.9291686898353663
2022-05-31 13:03:00,3.7,1.1,Trending,,0.23242949880569844,0.23227018465918536,0.007740669759730423,0.0021368078019320244,0.019278682266417616,0.2906766074753985
2022-05-31 13:04:00,3.7,1.1,,,0.23258961110520224,0.23231420137851852,0.007104237532233215,0.0021390680348632564,0.01927926629079039,0.2575393390225537
2022-05-31 13:05:00,3.7,1.1,,,0.23273654769385302,0.2323545399298033,0.006520233602940628,0.0021412712140451485,0.01927976762794214,0.22712734268379128
2022-05-31 13:06:00,3.75,1.1,Trending,,0.23262822689316234,0.23233037789049285,-0.004686228739851472,0.0025548778743618977,0.018850828824440193,-0.3841266971150488
2022-05-31 13:07:00,3.7,1.1,Trending,Trending,0.23277145071903013,0.23237022658896314,0.00637540575062534,0.0025231120025206812,0.01884261956329625,0.2044457637731319
2022-05-31 13:08:00,3.7,1.1,Trending,Trending,0.23290296886481288,0.23240673226858533,0.005852282931607,0.002494132450507047,0.018836029009400554,0.17828335682770455
2022-05-31 13:09:00,3.7,1.1,Trending,,0.23302373126552245,0.23244017986381488,0.0053720144537521275,0.0022916894329705526,0.01873682681468901,0.16439950324815455
2022-05-31 13:10:00,3.7,1.1,,,0.23313461219228543,0.2324708294328334,0.004931105455710627,0.002281932976979369,0.01873527151002932,0.1414002715313258
2022-05-31 13:11:00,3.7,1.1,Trending,Trending,0.23323641597153272,0.2324989183963045,0.004526342509024506,0.002273096697750088,0.018734065715178425,0.12027532333511716
2022-05-31 13:12:00,3.7,1.1,Trending,Trending,0.23332988234041327,0.23252466356987148,0.004154771770599419,0.0022650910435796923,0.01873314185372909,0.10087366773681693
2022-05-31 13:13:00,3.7,1.1,Trending,,0.23341569144535715,0.23254826300891718,0.003813678643261431,0.002257835919654135,0.018732444773724655,0.08305604219848667
2022-05-31 13:14:00,3.7,1.1,Trending,Trending,0.23349446849515484,0.23256989768278635,0.003500568885140609,0.0022512595205258206,0.01873192947451127,0.06669410998555898
2022-05-31 13:15:00,3.65,1.1,Trending,Trending,0.23380030488490453,0.23267112353859193,0.013957763631506692,0.003188332662126536,0.017852854100486343,0.6032330129828809
2022-05-31 13:16:00,3.65,1.1,,,0.234082432598092,0.23276316617543166,0.01283595484153266,0.004048078875769464,0.017021791501510914,0.5162720953892046
2022-05-31 13:17:00,3.7,1.1,Trending,,0.23410594688379807,0.23276939872904245,0.0010385978009046504,0.003893472910793239,0.017006026260046315,-0.16787432091621463
2022-05-31 13:18:00,3.7,1.1,,Trending,0.23412751165127502,0.2327751237572928,0.0009530831329898071,0.003576159285315202,0.01687769366326304,-0.15541674144939208
2022-05-31 13:19:00,3.7,1.1,,,0.23414729101505244,0.2327803825493369,0.0008746406949691199,0.004224410482105867,0.015975799575857624,-0.20967775485859663
2022-05-31 13:20:00,3.7,1.05,Trending,Trending,0.2331282253697308,0.23250907389236217,-0.04508350776036618,0.003880185056589262,0.016804676137111407,-2.913694522730143
2022-05-31 13:21:00,3.7,1.05,Trending,,0.2321933468739693,0.232259869409526,-0.04137525284321231,0.003564571357604344,0.01747193374438148,-2.572115076573487
2022-05-31 13:22:00,3.7,1.1,Trending,Trending,0.2323721385033,0.23230758303974738,0.007915504498042791,0.004212966454005891,0.016879759821912456,0.2193477918584156
2022-05-31 13:23:00,3.7,1.1,,,0.23253618303363205,0.23235140691078204,0.007264715864779392,0.003869465948308111,0.01659742935202917,0.20456480605872765
2022-05-31 13:24:00,3.7,1.1,Trending,Trending,0.23268670516232653,0.23239165687839003,0.006667534021001842,0.0035539432566990587,0.01635552713607806,0.1903693313213138
2022-05-31 13:25:00,3.65,1.1,Trending,Trending,0.23305627620127325,0.232512584076709,0.016832007788643688,0.0034426948121509186,0.016239800538804368,0.8244752110408948
2022-05-31 13:26:00,3.7,1.1,Trending,Trending,0.2331638607088208,0.23254089533910502,0.004752820038258054,0.004100972316884628,0.015446815341014062,0.04219948947293061
2022-05-31 13:27:00,3.7,1.1,,,0.23326253690768847,0.2325669198002065,0.004361693641346198,0.00470432419748558,0.014708556468984266,-0.023294641922331563
2022-05-31 13:28:00,3.65,1.1,Trending,Trending,0.2335866338472418,0.23267212633987538,0.014736660117692146,0.005436272272207809,0.014072750820875219,0.66087916739692
2022-05-31 13:29:00,3.7,1.1,Trending,Trending,0.2336502425119014,0.23268866435664146,0.0028054383493234525,0.00516499190875542,0.013961684459575862,-0.16900206893113293
2022-05-31 13:30:00,3.7,1.1,Trending,,0.23370856909394547,0.23270387800759115,0.002574416344810704,0.004742245655898088,0.013640737463480948,-0.15892317529687147
2022-05-31 13:31:00,3.65,1.05,Trending,Trending,0.2329850053227071,0.23247033733733163,-0.03286560676521244,0.003941351529839595,0.014406250666567672,-2.5549297417453167
2022-05-31 13:32:00,3.65,1.1,,Trending,0.23333272129155883,0.23258116413960692,0.015754403146203577,0.003971912538893474,0.014429705319938152,0.8165440905456137
2022-05-31 13:33:00,3.65,1.1,,Trending,0.23365310015428079,0.23268209421070948,0.014484090226165813,0.004000648986195258,0.014449206705779582,0.7255374951330201
2022-05-31 13:34:00,3.7,1.1,Trending,Trending,0.23371168433681005,0.23269674983265573,0.0025700181211472106,0.0036733877864643105,0.014250894756397972,-0.07742458871375353
2022-05-31 13:35:00,3.7,1.1,,Trending,0.23376535777956367,0.23271026471944842,0.002357911496166043,0.003372777174030961,0.014081423841349878,-0.07207124004639226
2022-05-31 13:36:00,3.7,1.1,Trending,Trending,0.23381454487897604,0.23272272392101734,0.002163460026771258,0.003272401423087142,0.014067991143593294,-0.07882727427084765
2022-05-31 13:37:00,3.7,1.1,,,0.23385963060130596,0.23273420658177638,0.0019851601933915664,0.003180443269193615,0.01405790008177541,-0.08502571997588798
2022-05-31 13:38:00,3.7,1.1,Trending,Trending,0.23390096473275937,0.23274478631733503,0.001821644171455361,0.0036856106031899817,0.013431223456262525,-0.13877860328989733
2022-05-31 13:39:00,3.65,1.1,Trending,Trending,0.23417481456890354,0.23283258557733058,0.012429341246171566,0.0035635037283264187,0.013315453471686485,0.6658306858791669
2022-05-31 13:40:00,3.65,1.1,Trending,Trending,0.23442721652442702,0.23291253522012276,0.011428124465718836,0.003627428905146161,0.013344299940656513,0.584571359701384
2022-05-31 13:41:00,3.65,1.1,,Trending,0.23465975581697876,0.2329853725185852,0.010506518749442417,0.0036865633496297864,0.013367153305585383,0.5102025273371372
2022-05-31 13:42:00,3.65,1.1,Trending,,0.23487392077881183,0.23305176225609417,0.009658426901242745,0.0037412420076532635,0.013385046029020093,0.44207430297665345
2022-05-31 13:43:00,3.65,1.1,Trending,,0.2350711041433989,0.23311230388410834,0.008878165992485698,0.00361562421167847,0.013299177434877204,0.39570430626830866
2022-05-31 13:44:00,3.65,1.05,,Trending,0.2342304268526992,0.2328564705497073,-0.03779752856205931,0.0029107773218586077,0.014332427078952626,-2.84029394740118
2022-05-31 13:45:00,3.65,1.05,,,0.23345678020392932,0.23262296074947622,-0.0347402084938182,0.0022631346428753567,0.015132556398321574,-2.4452803718476663
2022-05-31 13:46:00,3.65,1.05,Trending,,0.2327449560012881,0.23240973488864247,-0.03192882429334398,0.001491554482551353,0.015675497683750105,-2.132013888818365
2022-05-31 13:47:00,3.7,1.05,Trending,,0.2318269706970202,0.23219605707227797,-0.03995584865125279,0.0006057280833262291,0.016483899343477118,-2.460678501451159
2022-05-31 13:48:00,3.65,1.05,Trending,,0.23124656881547834,0.2320213609770787,-0.02607133715357457,-3.0728229088598326e-05,0.01676674028673784,-1.5531110090065376
2022-05-31 13:49:00,3.65,1.1,Trending,Trending,0.2317367534122975,0.23216781741476408,0.02199303263035013,0.0009156032050463928,0.016369471598277553,1.2876059742528017
2022-05-31 13:50:00,3.65,1.05,Trending,Trending,0.23116245608207744,0.23199739578313722,-0.02574036048271977,0.00025378828134882126,0.016633383757217488,-1.5627697372634308
2022-05-31 13:51:00,3.65,1.1,Trending,Trending,0.23166034685190087,0.23214421673210328,0.022295517258458686,0.0004116294000575671,0.01679881161062941,1.3027045225362335
2022-05-31 13:52:00,3.7,1.1,Trending,Trending,0.23188648473086637,0.23219559186702188,0.009824414628772704,0.0005560157060456465,0.016842536943661446,0.5502970813559738
2022-05-31 13:53:00,3.75,1.1,Trending,Trending,0.23184820567671863,0.23218916467554065,-0.0016199359632353971,0.00033435525511634016,0.016781064086910272,-0.11645812257377304
2022-05-31 13:54:00,3.7,1.1,Trending,,0.23205713186764626,0.23223916103410824,0.009149451055600721,0.0003081174113920356,0.01676576833062978,0.5273443763418968
2022-05-31 13:55:00,3.7,1.1,Trending,,0.23224854644578913,0.23228544804107976,0.008394930109500542,0.00046116852819089914,0.016797476385672274,0.4723186625865357
2022-05-31 13:56:00,3.7,1.1,Trending,,0.23242395946335248,0.23232827132658013,0.007703078659015761,0.0006015894716886905,0.01682261363119165,0.4221394691107833
2022-05-31 13:57:00,3.7,1.1,,Trending,0.23258474188953432,0.23236786489681763,0.007068590111905415,0.0005531863593550549,0.016799355216826097,0.38783653708474386
2022-05-31 13:58:00,3.7,1.1,Trending,,0.23273214027475986,0.23240445089901443,0.006486630084374223,0.000508674635307486,0.016779697849192695,0.35626120939682765
2022-05-31 13:59:00,3.7,1.1,Trending,,0.23286728949660596,0.23243823956085582,0.005952789301702177,0.0004677536988252573,0.01676309262550796,0.3272090493928599
2022-05-31 14:00:00,3.75,1.1,Trending,Trending,0.23274554000698716,0.2324156143786819,-0.005211389404883748,0.0002522361455343717,0.016751398011655205,-0.3261593776601013
2022-05-31 14:01:00,3.75,1.05,Trending,Trending,0.23156868929793972,0.2321892470505827,-0.050571831917856525,-0.00012054995059650834,0.017621685034183748,-2.8630225696005334
2022-05-31 14:02:00,3.7,1.05,Trending,,0.23076271807930476,0.23197527177483782,-0.03579732866826557,-0.001051289151053055,0.01800895644503223,-1.9293755095286051
2022-05-31 14:03:00,3.7,1.05,Trending,,0.23002264753164686,0.23177850138702408,-0.03286229725411749,-0.0017280052679505202,0.018430903136399543,-1.689243970073244
2022-05-31 14:04:00,3.7,1.05,Trending,,0.22934313664207576,0.23159758752831414,-0.030167193103994405,-0.002349195778554314,0.018753449159745205,-1.4833536534256424
2022-05-31 14:05:00,3.7,1.05,Trending,,0.2287192661208286,0.23143128092056225,-0.027692565567628113,-0.0029194090980637927,0.018997738709668505,-1.3040055370882924
2022-05-31 14:06:00,3.7,1.05,Trending,,0.22814650771402895,0.23127842539308252,-0.025420503934989513,-0.0032649803513160936,0.019217727928156726,-1.1528690418815015
2022-05-31 14:07:00,3.7,1.05,Trending,,0.22762069512720723,0.23113795198678622,-0.023334523957452946,-0.0037601458464507314,0.019347439343917944,-1.0117296538859863
2022-05-31 14:08:00,3.7,1.05,Trending,Trending,0.22713799663469814,0.23100887321018546,-0.021419460758568487,-0.0042146749079536566,0.019437922901570055,-0.8851144197729661
2022-05-31 14:09:00,3.7,1.05,,,0.2266948893970267,0.23089027749953633,-0.01966136826853515,-0.004631897953325111,0.019497235430104395,-0.7708513532130831
2022-05-31 14:10:00,3.65,1.05,Trending,,0.2265275628208857,0.23083311350706132,-0.0076587178032940795,-0.00484172834097519,0.019460284654974805,-0.14475581998225076
2022-05-31 14:11:00,3.7,1.1,Trending,Trending,0.22717127126294928,0.23100193892139909,0.028464357405688645,-0.004442761426030787,0.019896103942206714,1.65394787478526
2022-05-31 14:12:00,3.65,1.1,Trending,Trending,0.22797372676550093,0.23127237105140705,0.036623526254514704,-0.0039016155179655326,0.02056424173328413,1.9706606398663618
2022-05-31 14:13:00,3.65,1.1,,,0.2287138216613638,0.23151791134977198,0.03367663958625022,-0.0034038995022490524,0.021108328529230218,1.7566781300163672
2022-05-31 14:14:00,3.7,1.1,Trending,Trending,0.22917776799916825,0.2316352392574064,0.020407019145671113,-0.003122125331240211,0.02131389887370604,1.103934320807824
2022-05-31 14:15:00,3.7,1.1,Trending,Trending,0.22960303857571865,0.23174338875718603,0.01872536851265494,-0.0030426652498877402,0.021387413680584628,1.0177964520461664
2022-05-31 14:16:00,3.7,1.1,Trending,,0.22999292944539174,0.2318430486222292,0.0171831124298214,-0.002970212623416261,0.021449389749321444,0.9395756843793291
2022-05-31 14:17:00,3.7,1.1,Trending,Trending,0.23035044034794155,0.23193485974561723,0.01576851096699894,-0.002724714070648023,0.02157994829830544,0.8569633616360024
2022-05-31 14:18:00,3.7,1.1,,,0.23067830463913672,0.23201941804653847,0.014470854788655618,-0.002499417876386926,0.02168928183263379,0.782426674889207
2022-05-31 14:19:00,3.65,1.1,Trending,,0.23120288441179265,0.23219514566451463,0.023914326232442162,-0.002115423117429042,0.021952385425618292,1.1857367135826002
2022-05-31 14:20:00,3.7,1.1,Trending,,0.2314603178376862,0.23226049807185087,0.011336325928710256,-0.0011750925559444348,0.02127868603661491,0.5879789035434753
2022-05-31 14:21:00,3.65,1.1,Trending,Trending,0.23192328387086797,0.23241404907608224,0.021065964795249803,-0.00013440559530339958,0.02080082962459698,1.0192079245475751
2022-05-31 14:22:00,3.65,1.1,Trending,,0.23235006417349846,0.23255355800273877,0.01936870776399191,5.648112579575241e-05,0.02092811764636932,0.9227885166034753
2022-05-31 14:23:00,3.7,1.1,Trending,,0.23251221952185952,0.23259344668181217,0.007111341087307599,5.392487950455586e-05,0.020927231628344586,0.33723601540512543
2022-05-31 14:24:00,3.7,1.1,Trending,,0.2326607947326069,0.2326302879989589,0.006524771490395764,5.1545503994454564e-05,0.020926475034278372,0.30933188584307275
2022-05-31 14:25:00,3.7,1.1,Trending,,0.2327969597538923,0.2326642992183878,0.005986949692210697,-0.00012920546427942862,0.020825672283650832,0.293683443837326
2022-05-31 14:26:00,3.7,1.1,Trending,,0.23292177678695025,0.23269568430533344,0.005493741582950573,-0.00011685677186788664,0.020828835597686463,0.269366874999083
2022-05-31 14:27:00,3.7,1.05,Trending,Trending,0.23199470935022176,0.23246115154974437,-0.04084157614556494,-0.000870244601649739,0.02147168924772862,-1.8615829934360457
2022-05-31 14:28:00,3.7,1.1,Trending,Trending,0.23218533425270918,0.2325096454215587,0.008404617843417395,-0.0009757786395543181,0.021409150689848336,0.4381489307476196
2022-05-31 14:29:00,3.65,1.1,Trending,,0.23258913797679778,0.23264481879376187,0.01840482759092632,-0.000715788818860937,0.021550101999801667,0.8872633832528138
2022-05-31 14:30:00,3.65,1.1,,,0.23296147975128262,0.23276758224780167,0.016923016660016943,-0.00047664548027416634,0.02166653183842701,0.8030663269066288
